wave,root_id,root_index,monster_id,lane,spawn_tick,spawn_battle_seconds,base_energy_budget
1,W01-R001,1,M001,2,0,0.000000,2
1,W01-R002,2,M001,3,62,1.033333,2
1,W01-R003,3,M001,1,123,2.050000,2
1,W01-R004,4,M001,2,185,3.083333,2
1,W01-R005,5,M001,3,247,4.116667,2
1,W01-R006,6,M001,1,309,5.150000,2
1,W01-R007,7,M001,2,370,6.166667,2
1,W01-R008,8,M001,3,432,7.200000,2
2,W02-R001,1,M001,3,0,0.000000,2
2,W02-R002,2,M001,1,48,0.800000,2
2,W02-R003,3,M001,2,96,1.600000,2
2,W02-R004,4,M001,3,144,2.400000,2
2,W02-R005,5,M001,1,192,3.200000,2
2,W02-R006,6,M001,2,240,4.000000,2
2,W02-R007,7,M001,3,288,4.800000,2
2,W02-R008,8,M001,1,336,5.600000,2
2,W02-R009,9,M001,2,384,6.400000,2
2,W02-R010,10,M001,3,432,7.200000,2
3,W03-R001,1,M001,1,0,0.000000,2
3,W03-R002,2,M001,2,56,0.933333,2
3,W03-R003,3,M001,3,112,1.866667,2
3,W03-R004,4,M001,1,168,2.800000,2
3,W03-R005,5,M001,2,224,3.733333,2
3,W03-R006,6,M001,3,280,4.666667,2
3,W03-R007,7,M003,1,336,5.600000,3
3,W03-R008,8,M001,2,392,6.533333,2
3,W03-R009,9,M001,3,448,7.466667,2
3,W03-R010,10,M003,1,504,8.400000,3
4,W04-R001,1,M001,1,0,0.000000,2
4,W04-R002,2,M003,2,46,0.766667,3
4,W04-R003,3,M003,3,92,1.533333,3
4,W04-R004,4,M001,1,137,2.283333,2
4,W04-R005,5,M001,2,183,3.050000,2
4,W04-R006,6,M001,3,229,3.816667,2
4,W04-R007,7,M001,1,275,4.583333,2
4,W04-R008,8,M001,2,321,5.350000,2
4,W04-R009,9,M001,3,367,6.116667,2
4,W04-R010,10,M001,1,412,6.866667,2
4,W04-R011,11,M001,2,458,7.633333,2
4,W04-R012,12,M001,3,504,8.400000,2
5,W05-R001,1,M002,3,0,0.000000,4
5,W05-R002,2,M001,1,58,0.966667,2
5,W05-R003,3,M001,2,115,1.916667,2
5,W05-R004,4,M001,3,173,2.883333,2
5,W05-R005,5,M001,1,230,3.833333,2
5,W05-R006,6,M001,2,288,4.800000,2
5,W05-R007,7,M001,3,346,5.766667,2
5,W05-R008,8,M001,1,403,6.716667,2
5,W05-R009,9,M002,2,461,7.683333,4
5,W05-R010,10,M002,3,518,8.633333,4
5,W05-R011,11,M001,1,576,9.600000,2
6,W06-R001,1,M002,1,0,0.000000,4
6,W06-R002,2,M001,2,41,0.683333,2
6,W06-R003,3,M001,3,82,1.366667,2
6,W06-R004,4,M001,1,123,2.050000,2
6,W06-R005,5,M001,2,165,2.750000,2
6,W06-R006,6,M002,3,206,3.433333,4
6,W06-R007,7,M001,1,247,4.116667,2
6,W06-R008,8,M003,2,288,4.800000,3
6,W06-R009,9,M001,3,329,5.483333,2
6,W06-R010,10,M001,1,370,6.166667,2
6,W06-R011,11,M001,2,411,6.850000,2
6,W06-R012,12,M001,3,453,7.550000,2
6,W06-R013,13,M001,1,494,8.233333,2
6,W06-R014,14,M002,2,535,8.916667,4
6,W06-R015,15,M003,3,576,9.600000,3
7,W07-R001,1,M003,3,0,0.000000,3
7,W07-R002,2,M001,1,46,0.766667,2
7,W07-R003,3,M003,2,93,1.550000,3
7,W07-R004,4,M001,3,139,2.316667,2
7,W07-R005,5,M003,1,185,3.083333,3
7,W07-R006,6,M001,2,231,3.850000,2
7,W07-R007,7,M001,3,278,4.633333,2
7,W07-R008,8,M003,1,324,5.400000,3
7,W07-R009,9,M001,2,370,6.166667,2
7,W07-R010,10,M001,3,417,6.950000,2
7,W07-R011,11,M001,1,463,7.716667,2
7,W07-R012,12,M001,2,509,8.483333,2
7,W07-R013,13,M005,3,555,9.250000,4
7,W07-R014,14,M001,1,602,10.033333,2
7,W07-R015,15,M001,2,648,10.800000,2
8,W08-R001,1,M001,2,0,0.000000,2
8,W08-R002,2,M001,3,38,0.633333,2
8,W08-R003,3,M001,1,76,1.266667,2
8,W08-R004,4,M001,2,114,1.900000,2
8,W08-R005,5,M001,3,152,2.533333,2
8,W08-R006,6,M002,1,191,3.183333,4
8,W08-R007,7,M002,2,229,3.816667,4
8,W08-R008,8,M001,3,267,4.450000,2
8,W08-R009,9,M003,1,305,5.083333,3
8,W08-R010,10,M001,2,343,5.716667,2
8,W08-R011,11,M003,3,381,6.350000,3
8,W08-R012,12,M001,1,419,6.983333,2
8,W08-R013,13,M001,2,457,7.616667,2
8,W08-R014,14,M002,3,496,8.266667,4
8,W08-R015,15,M001,1,534,8.900000,2
8,W08-R016,16,M001,2,572,9.533333,2
8,W08-R017,17,M002,3,610,10.166667,4
8,W08-R018,18,M001,1,648,10.800000,2
9,W09-R001,1,M001,2,0,0.000000,2
9,W09-R002,2,M001,3,48,0.800000,2
9,W09-R003,3,M001,1,96,1.600000,2
9,W09-R004,4,M004,2,144,2.400000,6
9,W09-R005,5,M001,3,192,3.200000,2
9,W09-R006,6,M001,1,240,4.000000,2
9,W09-R007,7,M001,2,288,4.800000,2
9,W09-R008,8,M001,3,336,5.600000,2
9,W09-R009,9,M003,1,384,6.400000,3
9,W09-R010,10,M001,2,432,7.200000,2
9,W09-R011,11,M001,3,480,8.000000,2
9,W09-R012,12,M004,1,528,8.800000,6
9,W09-R013,13,M001,2,576,9.600000,2
9,W09-R014,14,M001,3,624,10.400000,2
9,W09-R015,15,M003,1,672,11.200000,3
9,W09-R016,16,M001,2,720,12.000000,2
10,W10-R001,1,M001,1,0,0.000000,2
10,W10-R002,2,M001,2,40,0.666667,2
10,W10-R003,3,M001,3,79,1.316667,2
10,W10-R004,4,M003,1,119,1.983333,3
10,W10-R005,5,M001,2,158,2.633333,2
10,W10-R006,6,M001,3,198,3.300000,2
10,W10-R007,7,M001,1,238,3.966667,2
10,W10-R008,8,M003,2,277,4.616667,3
10,W10-R009,9,M001,3,317,5.283333,2
10,W10-R010,10,M002,1,356,5.933333,4
10,W10-R011,11,M002,2,396,6.600000,4
10,W10-R012,12,M002,3,436,7.266667,4
10,W10-R013,13,M001,1,475,7.916667,2
10,W10-R014,14,M001,2,515,8.583333,2
10,W10-R015,15,M001,3,554,9.233333,2
10,W10-R016,16,M002,1,594,9.900000,4
10,W10-R017,17,M005,2,634,10.566667,4
10,W10-R018,18,M001,3,673,11.216667,2
10,W10-R019,19,M003,1,713,11.883333,3
10,W10-R020,20,M001,2,752,12.533333,2
10,W10-R021,21,M003,3,792,13.200000,3
11,W11-R001,1,M001,2,0,0.000000,2
11,W11-R002,2,M001,3,45,0.750000,2
11,W11-R003,3,M001,1,90,1.500000,2
11,W11-R004,4,M001,2,135,2.250000,2
11,W11-R005,5,M004,3,180,3.000000,6
11,W11-R006,6,M001,1,225,3.750000,2
11,W11-R007,7,M001,2,270,4.500000,2
11,W11-R008,8,M001,3,315,5.250000,2
11,W11-R009,9,M001,1,360,6.000000,2
11,W11-R010,10,M001,2,405,6.750000,2
11,W11-R011,11,M005,3,450,7.500000,4
11,W11-R012,12,M001,1,495,8.250000,2
11,W11-R013,13,M004,2,540,9.000000,6
11,W11-R014,14,M001,3,585,9.750000,2
11,W11-R015,15,M001,1,630,10.500000,2
11,W11-R016,16,M001,2,675,11.250000,2
11,W11-R017,17,M001,3,720,12.000000,2
12,W12-R001,1,M001,1,0,0.000000,2
12,W12-R002,2,M002,2,33,0.550000,4
12,W12-R003,3,M003,3,65,1.083333,3
12,W12-R004,4,M001,1,98,1.633333,2
12,W12-R005,5,M001,2,131,2.183333,2
12,W12-R006,6,M001,3,164,2.733333,2
12,W12-R007,7,M003,1,196,3.266667,3
12,W12-R008,8,M001,2,229,3.816667,2
12,W12-R009,9,M001,3,262,4.366667,2
12,W12-R010,10,M001,1,295,4.916667,2
12,W12-R011,11,M002,2,327,5.450000,4
12,W12-R012,12,M001,3,360,6.000000,2
12,W12-R013,13,M001,1,393,6.550000,2
12,W12-R014,14,M001,2,425,7.083333,2
12,W12-R015,15,M001,3,458,7.633333,2
12,W12-R016,16,M002,1,491,8.183333,4
12,W12-R017,17,M002,2,524,8.733333,4
12,W12-R018,18,M002,3,556,9.266667,4
12,W12-R019,19,M001,1,589,9.816667,2
12,W12-R020,20,M003,2,622,10.366667,3
12,W12-R021,21,M001,3,655,10.916667,2
12,W12-R022,22,M003,1,687,11.450000,3
12,W12-R023,23,M001,2,720,12.000000,2
13,W13-R001,1,M003,2,0,0.000000,3
13,W13-R002,2,M001,3,34,0.566667,2
13,W13-R003,3,M004,1,69,1.150000,6
13,W13-R004,4,M003,2,103,1.716667,3
13,W13-R005,5,M001,3,138,2.300000,2
13,W13-R006,6,M001,1,172,2.866667,2
13,W13-R007,7,M001,2,207,3.450000,2
13,W13-R008,8,M001,3,241,4.016667,2
13,W13-R009,9,M001,1,275,4.583333,2
13,W13-R010,10,M004,2,310,5.166667,6
13,W13-R011,11,M003,3,344,5.733333,3
13,W13-R012,12,M001,1,379,6.316667,2
13,W13-R013,13,M001,2,413,6.883333,2
13,W13-R014,14,M001,3,448,7.466667,2
13,W13-R015,15,M001,1,482,8.033333,2
13,W13-R016,16,M001,2,517,8.616667,2
13,W13-R017,17,M001,3,551,9.183333,2
13,W13-R018,18,M001,1,585,9.750000,2
13,W13-R019,19,M001,2,620,10.333333,2
13,W13-R020,20,M003,3,654,10.900000,3
13,W13-R021,21,M003,1,689,11.483333,3
13,W13-R022,22,M003,2,723,12.050000,3
13,W13-R023,23,M001,3,758,12.633333,2
13,W13-R024,24,M001,1,792,13.200000,2
14,W14-R001,1,M005,3,0,0.000000,4
14,W14-R002,2,M001,1,34,0.566667,2
14,W14-R003,3,M001,2,69,1.150000,2
14,W14-R004,4,M001,3,103,1.716667,2
14,W14-R005,5,M001,1,138,2.300000,2
14,W14-R006,6,M001,2,172,2.866667,2
14,W14-R007,7,M002,3,207,3.450000,4
14,W14-R008,8,M002,1,241,4.016667,4
14,W14-R009,9,M002,2,275,4.583333,4
14,W14-R010,10,M001,3,310,5.166667,2
14,W14-R011,11,M001,1,344,5.733333,2
14,W14-R012,12,M001,2,379,6.316667,2
14,W14-R013,13,M001,3,413,6.883333,2
14,W14-R014,14,M001,1,448,7.466667,2
14,W14-R015,15,M001,2,482,8.033333,2
14,W14-R016,16,M001,3,517,8.616667,2
14,W14-R017,17,M001,1,551,9.183333,2
14,W14-R018,18,M001,2,585,9.750000,2
14,W14-R019,19,M001,3,620,10.333333,2
14,W14-R020,20,M002,1,654,10.900000,4
14,W14-R021,21,M002,2,689,11.483333,4
14,W14-R022,22,M001,3,723,12.050000,2
14,W14-R023,23,M005,1,758,12.633333,4
14,W14-R024,24,M002,2,792,13.200000,4
15,W15-R001,1,M001,3,0,0.000000,2
15,W15-R002,2,M002,1,32,0.533333,4
15,W15-R003,3,M001,2,64,1.066667,2
15,W15-R004,4,M002,3,96,1.600000,4
15,W15-R005,5,M001,1,128,2.133333,2
15,W15-R006,6,M001,2,160,2.666667,2
15,W15-R007,7,M003,3,192,3.200000,3
15,W15-R008,8,M001,1,224,3.733333,2
15,W15-R009,9,M001,2,256,4.266667,2
15,W15-R010,10,M001,3,288,4.800000,2
15,W15-R011,11,M004,1,320,5.333333,6
15,W15-R012,12,M001,2,352,5.866667,2
15,W15-R013,13,M002,3,384,6.400000,4
15,W15-R014,14,M003,1,416,6.933333,3
15,W15-R015,15,M004,2,448,7.466667,6
15,W15-R016,16,M001,3,480,8.000000,2
15,W15-R017,17,M003,1,512,8.533333,3
15,W15-R018,18,M003,2,544,9.066667,3
15,W15-R019,19,M003,3,576,9.600000,3
15,W15-R020,20,M001,1,608,10.133333,2
15,W15-R021,21,M001,2,640,10.666667,2
15,W15-R022,22,M001,3,672,11.200000,2
15,W15-R023,23,M001,1,704,11.733333,2
15,W15-R024,24,M002,2,736,12.266667,4
15,W15-R025,25,M001,3,768,12.800000,2
15,W15-R026,26,M001,1,800,13.333333,2
15,W15-R027,27,M003,2,832,13.866667,3
15,W15-R028,28,M001,3,864,14.400000,2
16,W16-R001,1,M001,2,0,0.000000,2
16,W16-R002,2,M001,3,38,0.633333,2
16,W16-R003,3,M001,1,75,1.250000,2
16,W16-R004,4,M004,2,113,1.883333,6
16,W16-R005,5,M001,3,150,2.500000,2
16,W16-R006,6,M001,1,188,3.133333,2
16,W16-R007,7,M001,2,225,3.750000,2
16,W16-R008,8,M001,3,263,4.383333,2
16,W16-R009,9,M004,1,301,5.016667,6
16,W16-R010,10,M001,2,338,5.633333,2
16,W16-R011,11,M005,3,376,6.266667,4
16,W16-R012,12,M001,1,413,6.883333,2
16,W16-R013,13,M001,2,451,7.516667,2
16,W16-R014,14,M005,3,488,8.133333,4
16,W16-R015,15,M001,1,526,8.766667,2
16,W16-R016,16,M001,2,563,9.383333,2
16,W16-R017,17,M001,3,601,10.016667,2
16,W16-R018,18,M001,1,639,10.650000,2
16,W16-R019,19,M004,2,676,11.266667,6
16,W16-R020,20,M001,3,714,11.900000,2
16,W16-R021,21,M001,1,751,12.516667,2
16,W16-R022,22,M001,2,789,13.150000,2
16,W16-R023,23,M004,3,826,13.766667,6
16,W16-R024,24,M001,1,864,14.400000,2
17,W17-R001,1,M001,3,0,0.000000,2
17,W17-R002,2,M002,1,27,0.450000,4
17,W17-R003,3,M002,2,54,0.900000,4
17,W17-R004,4,M001,3,81,1.350000,2
17,W17-R005,5,M001,1,108,1.800000,2
17,W17-R006,6,M001,2,135,2.250000,2
17,W17-R007,7,M002,3,162,2.700000,4
17,W17-R008,8,M001,1,189,3.150000,2
17,W17-R009,9,M001,2,216,3.600000,2
17,W17-R010,10,M001,3,243,4.050000,2
17,W17-R011,11,M004,1,270,4.500000,6
17,W17-R012,12,M001,2,297,4.950000,2
17,W17-R013,13,M001,3,324,5.400000,2
17,W17-R014,14,M001,1,351,5.850000,2
17,W17-R015,15,M001,2,378,6.300000,2
17,W17-R016,16,M003,3,405,6.750000,3
17,W17-R017,17,M001,1,432,7.200000,2
17,W17-R018,18,M001,2,459,7.650000,2
17,W17-R019,19,M001,3,486,8.100000,2
17,W17-R020,20,M003,1,513,8.550000,3
17,W17-R021,21,M001,2,540,9.000000,2
17,W17-R022,22,M003,3,567,9.450000,3
17,W17-R023,23,M004,1,594,9.900000,6
17,W17-R024,24,M003,2,621,10.350000,3
17,W17-R025,25,M002,3,648,10.800000,4
17,W17-R026,26,M002,1,675,11.250000,4
17,W17-R027,27,M001,2,702,11.700000,2
17,W17-R028,28,M003,3,729,12.150000,3
17,W17-R029,29,M002,1,756,12.600000,4
17,W17-R030,30,M004,2,783,13.050000,6
17,W17-R031,31,M003,3,810,13.500000,3
17,W17-R032,32,M001,1,837,13.950000,2
17,W17-R033,33,M001,2,864,14.400000,2
18,W18-R001,1,M003,3,0,0.000000,3
18,W18-R002,2,M001,1,27,0.450000,2
18,W18-R003,3,M001,2,53,0.883333,2
18,W18-R004,4,M001,3,80,1.333333,2
18,W18-R005,5,M003,1,107,1.783333,3
18,W18-R006,6,M001,2,134,2.233333,2
18,W18-R007,7,M003,3,160,2.666667,3
18,W18-R008,8,M002,1,187,3.116667,4
18,W18-R009,9,M001,2,214,3.566667,2
18,W18-R010,10,M001,3,241,4.016667,2
18,W18-R011,11,M001,1,267,4.450000,2
18,W18-R012,12,M001,2,294,4.900000,2
18,W18-R013,13,M003,3,321,5.350000,3
18,W18-R014,14,M003,1,348,5.800000,3
18,W18-R015,15,M003,2,374,6.233333,3
18,W18-R016,16,M001,3,401,6.683333,2
18,W18-R017,17,M001,1,428,7.133333,2
18,W18-R018,18,M001,2,455,7.583333,2
18,W18-R019,19,M003,3,481,8.016667,3
18,W18-R020,20,M001,1,508,8.466667,2
18,W18-R021,21,M005,2,535,8.916667,4
18,W18-R022,22,M001,3,562,9.366667,2
18,W18-R023,23,M001,1,588,9.800000,2
18,W18-R024,24,M001,2,615,10.250000,2
18,W18-R025,25,M001,3,642,10.700000,2
18,W18-R026,26,M001,1,669,11.150000,2
18,W18-R027,27,M001,2,695,11.583333,2
18,W18-R028,28,M002,3,722,12.033333,4
18,W18-R029,29,M002,1,749,12.483333,4
18,W18-R030,30,M001,2,776,12.933333,2
18,W18-R031,31,M002,3,802,13.366667,4
18,W18-R032,32,M003,1,829,13.816667,3
18,W18-R033,33,M002,2,856,14.266667,4
18,W18-R034,34,M005,3,883,14.716667,4
18,W18-R035,35,M001,1,909,15.150000,2
18,W18-R036,36,M002,2,936,15.600000,4
19,W19-R001,1,M001,1,0,0.000000,2
19,W19-R002,2,M002,2,23,0.383333,4
19,W19-R003,3,M001,3,46,0.766667,2
19,W19-R004,4,M001,1,68,1.133333,2
19,W19-R005,5,M001,2,91,1.516667,2
19,W19-R006,6,M001,3,114,1.900000,2
19,W19-R007,7,M002,1,137,2.283333,4
19,W19-R008,8,M003,2,160,2.666667,3
19,W19-R009,9,M003,3,183,3.050000,3
19,W19-R010,10,M003,1,205,3.416667,3
19,W19-R011,11,M001,2,228,3.800000,2
19,W19-R012,12,M003,3,251,4.183333,3
19,W19-R013,13,M001,1,274,4.566667,2
19,W19-R014,14,M001,2,297,4.950000,2
19,W19-R015,15,M002,3,320,5.333333,4
19,W19-R016,16,M003,1,342,5.700000,3
19,W19-R017,17,M001,2,365,6.083333,2
19,W19-R018,18,M003,3,388,6.466667,3
19,W19-R019,19,M002,1,411,6.850000,4
19,W19-R020,20,M001,2,434,7.233333,2
19,W19-R021,21,M001,3,457,7.616667,2
19,W19-R022,22,M001,1,479,7.983333,2
19,W19-R023,23,M004,2,502,8.366667,6
19,W19-R024,24,M004,3,525,8.750000,6
19,W19-R025,25,M001,1,548,9.133333,2
19,W19-R026,26,M003,2,571,9.516667,3
19,W19-R027,27,M001,3,594,9.900000,2
19,W19-R028,28,M001,1,616,10.266667,2
19,W19-R029,29,M002,2,639,10.650000,4
19,W19-R030,30,M004,3,662,11.033333,6
19,W19-R031,31,M004,1,685,11.416667,6
19,W19-R032,32,M001,2,708,11.800000,2
19,W19-R033,33,M001,3,731,12.183333,2
19,W19-R034,34,M002,1,753,12.550000,4
19,W19-R035,35,M005,2,776,12.933333,4
19,W19-R036,36,M003,3,799,13.316667,3
19,W19-R037,37,M002,1,822,13.700000,4
19,W19-R038,38,M001,2,845,14.083333,2
19,W19-R039,39,M005,3,868,14.466667,4
19,W19-R040,40,M001,1,890,14.833333,2
19,W19-R041,41,M001,2,913,15.216667,2
19,W19-R042,42,M002,3,936,15.600000,4
20,W20-R001,1,M005,2,0,0.000000,4
20,W20-R002,2,M001,3,26,0.433333,2
20,W20-R003,3,M001,1,53,0.883333,2
20,W20-R004,4,M001,2,79,1.316667,2
20,W20-R005,5,M002,3,105,1.750000,4
20,W20-R006,6,M001,1,132,2.200000,2
20,W20-R007,7,M002,2,158,2.633333,4
20,W20-R008,8,M003,3,184,3.066667,3
20,W20-R009,9,M003,1,211,3.516667,3
20,W20-R010,10,M003,2,237,3.950000,3
20,W20-R011,11,M001,3,263,4.383333,2
20,W20-R012,12,M003,1,290,4.833333,3
20,W20-R013,13,M001,2,316,5.266667,2
20,W20-R014,14,M001,3,342,5.700000,2
20,W20-R015,15,M001,1,369,6.150000,2
20,W20-R016,16,M001,2,395,6.583333,2
20,W20-R017,17,M001,3,421,7.016667,2
20,W20-R018,18,M001,1,448,7.466667,2
20,W20-R019,19,M001,2,474,7.900000,2
20,W20-R020,20,M001,3,500,8.333333,2
20,W20-R021,21,M004,1,527,8.783333,6
20,W20-R022,22,M005,2,553,9.216667,4
20,W20-R023,23,M003,3,580,9.666667,3
20,W20-R024,24,M003,1,606,10.100000,3
20,W20-R025,25,M001,2,632,10.533333,2
20,W20-R026,26,M001,3,659,10.983333,2
20,W20-R027,27,M002,1,685,11.416667,4
20,W20-R028,28,B001,2,702,11.700000,60
20,W20-R029,29,M002,2,711,11.850000,4
20,W20-R030,30,M001,3,738,12.300000,2
20,W20-R031,31,M004,1,764,12.733333,6
20,W20-R032,32,M002,2,790,13.166667,4
20,W20-R033,33,M003,3,817,13.616667,3
20,W20-R034,34,M001,1,843,14.050000,2
20,W20-R035,35,M002,2,869,14.483333,4
20,W20-R036,36,M002,3,896,14.933333,4
20,W20-R037,37,M001,1,922,15.366667,2
20,W20-R038,38,M001,2,948,15.800000,2
20,W20-R039,39,M004,3,975,16.250000,6
20,W20-R040,40,M004,1,1001,16.683333,6
20,W20-R041,41,M003,2,1027,17.116667,3
20,W20-R042,42,M001,3,1054,17.566667,2
20,W20-R043,43,M002,1,1080,18.000000,4
